S0,S1
"{'IR': array([ 88101., 137507., 138193., 137323., 138582., 137268., 138511.,
       137532., 138306., 137801., 138116., 137999., 138074., 138058.,
       138098., 138116., 138132., 138098., 137986., 137853., 137742.,
       137668., 137619., 137594., 137583., 137580., 137582., 137585.,
       137603., 137620., 137629., 137632., 137632., 137639., 137637.,
       137632., 137626., 137635., 137658., 137668., 137684., 137697.,
       137716., 137751., 137779., 137812., 137834., 137859., 137888.,
       137904., 137936., 137984., 138005., 137971., 137854., 137694.,
       137567., 137484., 137422., 137380., 137363., 137341., 137344.,
       137348., 137368., 137391., 137396., 137418., 137422., 137422.,
       137419., 137412., 137421., 137430., 137445., 137464., 137488.,
       137527., 137547., 137570., 137600., 137617., 137645., 137658.,
       137678., 137703., 137737., 137791., 137817., 137790., 137656.,
       137489., 137363., 137265., 137203., 137160., 137139., 137123.,
       137105., 137113., 137125., 137141., 137154., 137169., 137173.,
       137165., 137160., 137164., 137165., 137181., 137193., 137207.,
       137227., 137256., 137299., 137328., 137365., 137391., 137411.,
       137436., 137450., 137480., 137503., 137522., 137561., 137564.,
       137487., 137329., 137187., 137075., 136995., 136952., 136912.,
       136888., 136870., 136854., 136858., 136868., 136892., 136903.,
       136903., 136917., 136913., 136914., 136916., 136924., 136936.,
       136944., 136974., 137000., 137018., 137048., 137071., 137080.,
       137089., 137106., 137123., 137148., 137173., 137203., 137246.,
       137280., 137269., 137170., 137026., 136903., 136808., 136745.,
       136704., 136657., 136628., 136608., 136592., 136592., 136596.,
       136598., 136594., 136596., 136597., 136590., 136578., 136570.,
       136580., 136582., 136587., 136604., 136616., 136634., 136663.,
       136677., 136690., 136707., 136724., 136734., 136745., 136756.,
       136767., 136797., 136822., 136832., 137125., 137141., 137154.,
       137169., 137173., 137165., 137160., 137164., 137165., 137181.,
       137193., 137207., 137227., 137256., 137299., 137328., 137365.,
       137391., 137411., 137436., 137450., 137480., 137503., 137522.,
       137561., 137564., 137487., 137329., 137187., 137075., 136995.,
       136952., 136912., 136888., 136870., 136854., 136858., 136868.,
       136892., 136903., 136903., 136917., 136913., 136914., 136916.,
       136924., 136936., 136944., 136974., 137000., 137018., 137048.,
       137071., 137080., 137089., 137106., 137123., 137148., 137173.,
       137203., 137246., 137280., 137269., 137170., 137026., 136903.,
       136808., 136745., 136704., 136657., 136628., 136608., 136592.,
       136592., 136596., 136598., 136594., 136596., 136597., 136590.,
       136578., 136570., 136580., 136582., 136587., 136604., 136616.,
       136634., 136663., 136677., 136690., 136707., 136724., 136734.,
       136745., 136756., 136767., 136797., 136822., 136832.]), 'Red': array([ 87894., 133520., 133818., 133079., 134188., 132967., 134086.,
       133155., 133847., 133360., 133634., 133500., 133554., 133522.,
       133537., 133532., 133534., 133511., 133468., 133413., 133361.,
       133333., 133315., 133299., 133287., 133281., 133275., 133270.,
       133274., 133275., 133280., 133274., 133262., 133254., 133248.,
       133242., 133230., 133226., 133234., 133236., 133238., 133237.,
       133237., 133247., 133250., 133252., 133255., 133256., 133264.,
       133261., 133259., 133271., 133276., 133266., 133215., 133160.,
       133122., 133093., 133076., 133054., 133051., 133043., 133035.,
       133026., 133024., 133032., 133036., 133034., 133022., 133017.,
       133002., 132982., 132990., 132986., 132986., 132993., 132988.,
       133002., 133004., 133008., 133018., 133011., 133019., 133026.,
       133020., 133031., 133036., 133046., 133052., 133040., 132988.,
       132928., 132885., 132848., 132825., 132807., 132798., 132789.,
       132773., 132776., 132782., 132783., 132783., 132779., 132785.,
       132772., 132758., 132763., 132761., 132758., 132756., 132758.,
       132762., 132759., 132777., 132783., 132787., 132793., 132794.,
       132801., 132803., 132810., 132817., 132823., 132827., 132825.,
       132803., 132750., 132700., 132660., 132631., 132615., 132595.,
       132588., 132585., 132569., 132564., 132567., 132572., 132574.,
       132574., 132574., 132573., 132570., 132560., 132554., 132553.,
       132552., 132561., 132570., 132573., 132570., 132580., 132595.,
       132589., 132594., 132597., 132603., 132605., 132605., 132614.,
       132623., 132623., 132585., 132538., 132499., 132472., 132457.,
       132448., 132429., 132417., 132410., 132397., 132407., 132403.,
       132408., 132402., 132388., 132393., 132383., 132378., 132376.,
       132387., 132395., 132396., 132401., 132397., 132395., 132407.,
       132411., 132412., 132417., 132428., 132430., 132434., 132443.,
       132429., 132435., 132443., 132446., 132446., 132411., 132370.,
       132335., 132306., 132290., 132268., 132246., 132233., 132226.,
       132219., 132203., 132203., 132190., 132185., 132186., 132181.,
       132186., 132173., 132177., 132181., 132181., 132193., 132200.,
       132201., 132213., 132226., 132234., 132245., 132248., 132256.,
       132263., 132271., 132274., 132285., 132294., 132302., 132310.,
       132286., 132254., 132213., 132177., 132163., 132141., 132129.,
       132115., 132109., 132107., 132097., 132097., 132104., 132108.,
       132106., 132103., 132107., 132100., 132100., 132110., 132111.,
       132120., 132119., 132134., 132140., 132146., 132163., 132166.,
       132175., 132178., 132182., 132197., 132204., 132208., 132219.,
       132228., 132235., 132238., 132256., 132259., 132243., 132188.,
       132142., 132118., 132094., 132081., 132070., 132057., 132048.,
       132039., 132035., 132032., 132038., 132040., 132032., 132035.,
       132037., 132045., 132054., 132067., 132079., 132090.]), 'Reference_SpO2': 92}","{'IR': array([138116., 138116., 138116., 138116., 138116., 138116., 138116.,
       138116., 138116., 138116., 138116., 137999., 138074., 138058.,
       138098., 138116., 138132., 138098., 137986., 137853., 137742.,
       137668., 137619., 137594., 137583., 137580., 137582., 137585.,
       137603., 137620., 137629., 137632., 137632., 137639., 137637.,
       137632., 137626., 137635., 137658., 137668., 137684., 137697.,
       137716., 137751., 137779., 137812., 137834., 137859., 137888.,
       137904., 137936., 137984., 138005., 137971., 137854., 137694.,
       137567., 137484., 137422., 137380., 137363., 137341., 137344.,
       137348., 137368., 137391., 137396., 137418., 137422., 137422.,
       137419., 137412., 137421., 137430., 137445., 137464., 137488.,
       137527., 137547., 137570., 137600., 137617., 137645., 137658.,
       137678., 137703., 137737., 137791., 137817., 137790., 137656.,
       137489., 137363., 137265., 137203., 137160., 137139., 137123.,
       137105., 137113., 137125., 137141., 137154., 137169., 137173.,
       137165., 137160., 137164., 137165., 137181., 137193., 137207.,
       137227., 137256., 137299., 137328., 137365., 137391., 137411.,
       137436., 137450., 137480., 137503., 137522., 137561., 137564.,
       137487., 137329., 137187., 137075., 136995., 136952., 136912.,
       136888., 136870., 136854., 136858., 136868., 136892., 136903.,
       136903., 136917., 136913., 136914., 136916., 136924., 136936.,
       136944., 136974., 137000., 137018., 137048., 137071., 137080.,
       137089., 137106., 137123., 137148., 137173., 137203., 137246.,
       137280., 137269., 137170., 137026., 136903., 136808., 136745.,
       136704., 136657., 136628., 136608., 136592., 136592., 136596.,
       136598., 136594., 136596., 136597., 136590., 136578., 136570.,
       136580., 136582., 136587., 136604., 136616., 136634., 136663.,
       136677., 136690., 136707., 136724., 136734., 136745., 136756.,
       136767., 136797., 136822., 136832., 137125., 137141., 137154.,
       137169., 137173., 137165., 137160., 137164., 137165., 137181.,
       137193., 137207., 137227., 137256., 137299., 137328., 137365.,
       137391., 137411., 137436., 137450., 137480., 137503., 137522.,
       137561., 137564., 137487., 137329., 137187., 137075., 136995.,
       136952., 136912., 136888., 136870., 136854., 136858., 136868.,
       136892., 136903., 136903., 136917., 136913., 136914., 136916.,
       136924., 136936., 136944., 136974., 137000., 137018., 137048.,
       137071., 137080., 137089., 137106., 137123., 137148., 137173.,
       137203., 137246., 137280., 137269., 137170., 137026., 136903.,
       136808., 136745., 136704., 136657., 136628., 136608., 136592.,
       136592., 136596., 136598., 136594., 136596., 136597., 136590.,
       136578., 136570., 136580., 136582., 136587., 136604., 136616.,
       136634., 136663., 136677., 136690., 136707., 136724., 136734.,
       136745., 136756., 136767., 136797., 136822., 136832.]), 'Red': array([133634., 133634., 133634., 133634., 133634., 133634., 133634.,
       133634., 133634., 133634., 133634., 133500., 133554., 133522.,
       133537., 133532., 133534., 133511., 133468., 133413., 133361.,
       133333., 133315., 133299., 133287., 133281., 133275., 133270.,
       133274., 133275., 133280., 133274., 133262., 133254., 133248.,
       133242., 133230., 133226., 133234., 133236., 133238., 133237.,
       133237., 133247., 133250., 133252., 133255., 133256., 133264.,
       133261., 133259., 133271., 133276., 133266., 133215., 133160.,
       133122., 133093., 133076., 133054., 133051., 133043., 133035.,
       133026., 133024., 133032., 133036., 133034., 133022., 133017.,
       133002., 132982., 132990., 132986., 132986., 132993., 132988.,
       133002., 133004., 133008., 133018., 133011., 133019., 133026.,
       133020., 133031., 133036., 133046., 133052., 133040., 132988.,
       132928., 132885., 132848., 132825., 132807., 132798., 132789.,
       132773., 132776., 132782., 132783., 132783., 132779., 132785.,
       132772., 132758., 132763., 132761., 132758., 132756., 132758.,
       132762., 132759., 132777., 132783., 132787., 132793., 132794.,
       132801., 132803., 132810., 132817., 132823., 132827., 132825.,
       132803., 132750., 132700., 132660., 132631., 132615., 132595.,
       132588., 132585., 132569., 132564., 132567., 132572., 132574.,
       132574., 132574., 132573., 132570., 132560., 132554., 132553.,
       132552., 132561., 132570., 132573., 132570., 132580., 132595.,
       132589., 132594., 132597., 132603., 132605., 132605., 132614.,
       132623., 132623., 132585., 132538., 132499., 132472., 132457.,
       132448., 132429., 132417., 132410., 132397., 132407., 132403.,
       132408., 132402., 132388., 132393., 132383., 132378., 132376.,
       132387., 132395., 132396., 132401., 132397., 132395., 132407.,
       132411., 132412., 132417., 132428., 132430., 132434., 132443.,
       132429., 132435., 132443., 132446., 132446., 132411., 132370.,
       132335., 132306., 132290., 132268., 132246., 132233., 132226.,
       132219., 132203., 132203., 132190., 132185., 132186., 132181.,
       132186., 132173., 132177., 132181., 132181., 132193., 132200.,
       132201., 132213., 132226., 132234., 132245., 132248., 132256.,
       132263., 132271., 132274., 132285., 132294., 132302., 132310.,
       132286., 132254., 132213., 132177., 132163., 132141., 132129.,
       132115., 132109., 132107., 132097., 132097., 132104., 132108.,
       132106., 132103., 132107., 132100., 132100., 132110., 132111.,
       132120., 132119., 132134., 132140., 132146., 132163., 132166.,
       132175., 132178., 132182., 132197., 132204., 132208., 132219.,
       132228., 132235., 132238., 132256., 132259., 132243., 132188.,
       132142., 132118., 132094., 132081., 132070., 132057., 132048.,
       132039., 132035., 132032., 132038., 132040., 132032., 132035.,
       132037., 132045., 132054., 132067., 132079., 132090.]), 'Reference_SpO2': 92}"
