row,column,R,SNR,PI,valid,SpO2_ref,SpO2_C
0,S0,0.312355548,10.3219204,0.00368136563,True,96,93
0,S1,0.410710335,8.55502796,0.0249182954,False,97,89
0,S2,0.303599,11.5173197,0.00606216071,True,97,93
0,S3,0.329334676,9.486866,0.0073241326,True,97,92
0,S4,0.212123975,10.1438503,0.00672191242,True,96,97
0,S5,0.311527222,12.823576,0.00834858418,True,95,93
0,S6,0.289491743,12.9463596,0.00997378863,True,96,94
0,S7,0.300495982,11.8116007,0.00951456279,True,94,93
0,S8,0.687360466,6.66190672,0.0185388811,False,97,81
0,S9,0.301466614,11.8116369,0.0137703512,True,95,93
0,S10,0.298517168,11.3425179,0.0144733656,True,94,93
0,S11,0.326088369,10.7849541,0.0146945892,True,86,92
0,S12,0.348010868,10.2992611,0.0116928229,True,95,91
0,S13,0.306112707,12.3047247,0.0151160453,True,96,93
0,S14,0.32412082,11.9083576,0.015532759,True,93,92
0,S15,0.853777885,9.21862316,0.0369112752,True,94,78
0,S16,0.332598239,11.2861576,0.0144219315,True,94,92
0,S17,0.302366257,12.1574154,0.0129245799,True,94,93
0,S18,0.319124818,11.0140858,0.013965074,True,94,92
0,S19,0.379764199,11.4248638,0.0140043469,True,91,90
0,S20,0.38439548,12.8926325,0.0149889616,True,90,90
0,S21,0.406967342,11.6279879,0.0150946882,True,89,89
0,S22,0.434882581,10.3663778,0.0137047609,True,88,88
0,S23,0.397428632,11.0965042,0.0144320512,True,90,89
0,S24,0.48716554,10.8053226,0.0101768151,True,88,86
0,S25,0.557529271,11.2752867,0.0151997171,True,86,84
0,S26,0.497557163,10.9667912,0.0134872403,True,86,86
0,S27,0.473994553,11.2945251,0.0140901934,True,87,87
0,S28,0.536661685,10.6182003,0.01186735,True,81,85
0,S29,0.464455128,12.1347961,0.0117510958,True,82,87
0,S30,0.560339451,10.2492723,0.0107157789,True,81,84
0,S31,0.579491615,10.508976,0.0106451334,True,76,83
0,S32,0.537586391,10.5591478,0.012150486,True,80,85
0,S33,0.661174595,10.9634018,0.0132851247,True,76,81
0,S34,0.77727288,12.32129,0.0134294275,True,72,79
1,S0,0.377308518,9.44938278,0.00201094197,True,97,90
1,S1,0.451077431,8.35197353,0.00715133734,False,97,87
1,S2,0.362444729,8.24031067,0.00455454178,False,97,91
1,S3,0.261950582,11.9004583,0.00510212267,True,96,95
1,S4,0.402119547,8.8767395,0.0238978695,False,97,89
1,S5,0.283138931,9.40234184,0.00553482119,True,97,94
1,S6,0.226337403,11.5063953,0.00619360292,True,97,97
1,S7,0.281393111,11.1310635,0.00820502359,True,97,94
1,S8,0.275018871,9.79013538,0.0078048599,True,96,94
1,S9,0.271378398,11.8475389,0.0100528952,True,93,95
1,S10,0.221925333,11.8645821,0.0101076858,True,93,97
1,S11,0.448364943,10.8521709,0.010998752,True,97,88
1,S12,0.258617342,12.7650833,0.00931334589,True,96,95
1,S13,0.250802249,12.8032913,0.0103030782,True,96,96
1,S14,0.277461082,11.5616474,0.0110860663,True,96,94
1,S15,0.285859168,11.7169075,0.0129686482,True,95,94
1,S16,0.280216694,11.5039978,0.0127158184,True,74,94
1,S17,0.269447207,12.4119816,0.0130308215,True,95,95
1,S18,0.340385467,9.96717262,0.0125555424,True,93,92
1,S19,0.306254357,11.7888174,0.0129618263,True,94,93
1,S20,0.424760371,9.17851639,0.0111911828,True,94,88
1,S21,0.376281321,12.5020742,0.0140833845,True,91,90
1,S22,0.36143139,12.913662,0.0120487884,True,90,91
1,S23,0.395733088,12.7098131,0.0134852901,True,90,89
1,S24,0.375427812,9.94262505,0.0153588215,True,90,90
1,S25,0.506124198,10.5254021,0.0835392252,True,89,86
1,S26,0.419949859,12.0983543,0.0141271986,True,89,89
1,S27,0.503228426,11.3925667,0.0124140792,True,84,86
1,S28,0.483000308,11.6037264,0.0130424388,True,81,86
1,S29,0.387287349,10.3840675,0.0113070561,True,85,90
1,S30,0.63842541,11.4977856,0.0121997017,True,81,82
1,S31,0.649304211,12.4851894,0.0129507622,True,76,82
1,S32,0.745928705,9.2409935,0.0141579295,True,72,80
2,S0,0.415530831,9.79546833,0.0024029843,True,97,89
2,S1,0.443372399,10.1444893,0.00311156409,True,97,88
2,S2,0.317582667,11.6466475,0.00349404872,True,97,93
2,S3,0.387854695,12.8535357,0.00776307425,True,97,90
2,S4,0.346946895,12.2999115,0.0068737478,True,97,91
2,S5,0.324184239,11.5031252,0.00617754832,True,97,92
2,S6,0.313419938,11.8435688,0.0073435707,True,97,93
2,S7,0.314319968,12.5631857,0.00810552575,True,96,93
2,S8,0.289910764,12.8713179,0.0083124442,True,96,94
2,S9,0.294254929,11.66152,0.00609563151,True,96,94
2,S10,0.353266269,12.203392,0.00607370492,True,97,91
2,S11,0.336224854,12.701663,0.0073260176,True,97,92
2,S12,0.291541725,11.5168753,0.0304570645,True,97,94
2,S13,0.274274021,12.7916412,0.0305619407,True,96,94
2,S14,0.288098961,12.5789461,0.0314183868,True,95,94
2,S15,0.306624234,11.7535877,0.00853338186,True,96,93
2,S16,0.311089396,12.2358074,0.0110194897,True,98,93
2,S17,0.266564935,11.72721,0.0109032346,True,94,95
2,S18,0.289201081,11.5953712,0.0347068086,True,95,94
2,S19,0.304801911,11.669301,0.0233391318,True,94,93
2,S20,0.30962038,12.9514704,0.037638355,True,93,93
2,S21,0.343652219,10.5220327,0.0333220698,True,94,91
2,S22,0.338242382,11.1234102,0.0252765659,True,93,92
2,S23,0.336577743,11.404747,0.0368676893,True,92,92
2,S24,0.346825957,12.7486506,0.0305478051,True,90,91
2,S25,0.375711322,11.8662357,0.0295505449,True,91,90
2,S26,0.367485255,12.771595,0.0341171287,True,89,91
2,S27,0.360272288,11.9209805,0.0213939846,True,87,91
2,S28,0.35912317,11.1113758,0.0145430313,True,85,91
2,S29,0.379912585,11.829771,0.00746255089,True,84,90
2,S30,0.496430904,12.5533371,0.0311505478,True,81,86
2,S31,0.519633412,12.4280872,0.0227602962,True,81,85
3,S0,0.588336825,5.68379641,0.0396863483,False,98,83
3,S1,0.237590283,12.0549431,0.00622465229,True,97,96
3,S2,0.368816942,13.3743343,0.0123351561,True,97,90
3,S3,0.363259584,11.6177988,0.00546140969,True,98,91
3,S4,0.492006719,10.4899778,0.00700347964,True,97,86
3,S5,0.285498202,13.092514,0.00447344081,True,98,94
3,S6,0.43509084,13.0146837,0.0138796382,True,96,88
3,S7,0.405459493,13.0703907,0.0095052775,True,96,89
3,S8,0.313727468,12.9789648,0.00482548494,True,96,93
3,S9,0.361112952,11.1988497,0.0100439899,True,98,91
3,S10,0.325830281,13.14995,0.00553198438,True,98,92
3,S11,0.29860276,12.0291538,0.00665787235,True,98,93
3,S12,0.28537035,13.3771439,0.00660751481,True,98,94
3,S13,0.304394752,13.3873959,0.0082900282,True,98,93
3,S14,0.287260234,11.7909718,0.00642744359,True,97,94
3,S15,0.303268522,13.1458778,0.00785187259,True,96,93
3,S16,0.409249961,10.8178444,0.00956952386,True,97,89
3,S17,0.279648006,11.7463102,0.00563709345,True,96,94
3,S18,0.333900452,11.2999964,0.0137656974,True,93,92
3,S19,0.272918522,12.3825989,0.00918059703,True,96,95
3,S20,0.279735565,12.5446873,0.0104195811,True,96,94
3,S21,0.429854125,12.2933779,0.0126973074,True,86,88
3,S22,0.381561399,13.083478,0.00996021833,True,92,90
3,S23,0.51910907,12.8760357,0.0116548482,True,86,85
3,S24,0.525000513,12.461998,0.0113818822,True,82,85
3,S25,0.480323404,12.7182178,0.00936263707,True,84,86
3,S26,0.56818378,13.1605186,0.0125616677,True,82,84
4,S0,0.259162366,9.90127659,0.00350242364,True,96,95
4,S1,0.172916338,9.6696806,0.00631247181,True,96,99
4,S2,0.320320874,11.4116688,0.0061921915,True,97,92
4,S3,0.316783577,9.75913525,0.00815704465,True,97,93
4,S4,0.192095339,10.1012516,0.00681176456,True,97,98
4,S5,0.202261716,9.18113804,0.00632724632,True,97,98
4,S6,0.225227043,12.3910627,0.00727638742,True,97,97
4,S7,0.244871497,11.9805431,0.00798563007,True,98,96
4,S8,0.244095236,12.3412189,0.00637419568,True,96,96
4,S9,0.180058017,10.3299103,0.00873821788,True,96,99
4,S10,0.195986867,11.7039156,0.00814359915,True,97,98
4,S11,0.190777078,11.3559332,0.00949784089,True,96,98
4,S12,0.220118746,11.6775551,0.00727967778,True,95,97
4,S13,0.218865722,10.8430433,0.0102433721,True,96,97
4,S14,0.212451056,10.2275105,0.0115265315,True,96,97
4,S15,0.257388711,10.4843187,0.0146707911,True,95,95
4,S16,0.232363462,12.7420282,0.0100210821,True,95,96
4,S17,0.250733048,12.6757431,0.00843029656,True,95,96
4,S18,0.284715652,10.388916,0.00707881199,True,95,94
4,S19,0.257406145,10.9974594,0.00812910404,True,95,95
4,S20,0.230735406,11.1480923,0.0100843282,True,93,96
4,S21,0.374016166,11.3671017,0.0103836628,True,90,90
4,S22,0.359980673,11.7431183,0.0120809237,True,89,91
4,S23,0.394603699,8.24233627,0.0087651005,False,90,89
4,S24,0.319764405,12.0408325,0.00744696427,True,89,92
4,S25,0.376874775,12.3490887,0.0101513714,True,83,90
4,S26,0.314360172,8.29375172,0.00925068092,False,92,93
4,S27,0.429057568,12.0070152,0.00813912228,True,88,88
4,S28,0.411115229,12.1054888,0.0131469918,True,87,89
4,S29,0.390069097,13.3443527,0.0164483562,True,86,90
5,S0,0.240240157,12.0339499,0.00809597224,True,98,96
5,S1,0.242244303,12.2028646,0.0109619796,True,98,96
5,S2,0.247827664,10.6905231,0.0138397738,True,98,96
5,S3,0.239855692,10.8677683,0.00581069151,True,98,96
5,S4,0.247112542,10.0399036,0.0140451314,True,97,96
5,S5,0.256192565,10.2290745,0.00670107966,True,98,95
5,S6,0.25581786,13.3458271,0.00736477459,True,97,95
5,S7,0.252314955,11.1069593,0.0142745413,True,97,95
5,S8,0.264865041,12.2875233,0.0149795134,True,97,95
5,S9,0.242338479,11.3954029,0.0139716575,True,97,96
5,S10,0.253940403,10.9063253,0.0117823621,True,97,95
5,S11,0.267432809,11.9614782,0.011651082,True,97,95
5,S12,0.65217495,9.8735733,0.0285615008,True,73,82
5,S13,0.271279424,10.0716505,0.012088622,True,97,95
5,S14,0.266970277,11.830987,0.0174406227,True,98,95
5,S15,0.281930774,10.6422386,0.0237014964,True,97,94
5,S16,0.295868725,9.21972179,0.0108949598,True,95,93
5,S17,0.305849522,9.48002911,0.0222859625,True,95,93
5,S18,0.299969077,9.84496689,0.0141184153,True,95,93
5,S19,0.307682067,10.3447199,0.00996884517,True,93,93
5,S20,0.306560993,10.9238262,0.0183873046,True,95,93
5,S21,0.309966147,12.4712772,0.0128153684,True,95,93
5,S22,0.354053706,11.2130566,0.0179891661,True,92,91
5,S23,0.350001067,8.53926849,0.010339818,False,92,91
5,S24,0.341678262,9.83376408,0.010668329,True,90,92
5,S25,0.336684018,12.8228226,0.0132749686,True,90,92
5,S26,0.4176552,10.8266058,0.012489548,True,91,89
5,S27,0.403331339,10.6071053,0.013733956,True,89,89
5,S28,0.400906324,10.6875496,0.014844818,True,88,89
5,S29,0.405616224,8.18691349,0.011026944,False,92,89
5,S30,0.388516277,12.0144997,0.016127456,True,89,90
5,S31,0.521673024,11.1611137,0.0121698221,True,82,85
5,S32,0.519648194,10.9233513,0.0141508849,True,84,85
5,S33,0.575962901,11.1407995,0.0159493145,True,84,84
6,S0,0.262328953,7.13930845,0.00215893378,False,97,95
6,S1,0.517804444,7.64746189,0.00165824045,False,99,85
6,S2,0.200445428,9.53589249,0.00311808498,True,97,98
6,S3,0.229307801,12.1820869,0.00301672216,True,98,97
6,S4,0.320701391,12.5015717,0.0033081756,True,98,92
6,S5,0.208656207,10.5951138,0.00403820351,True,96,98
6,S6,0.307925284,8.95704937,0.00333321444,False,95,93
6,S7,0.302443296,12.6572723,0.00356554915,True,94,93
6,S8,0.335286111,12.2193718,0.00646397658,True,93,92
6,S9,0.317969203,11.3825684,0.0038240375,True,93,93
6,S10,0.328318179,11.316679,0.00439680321,True,92,92
6,S11,0.341164261,11.7637205,0.00574700674,True,94,92
6,S12,0.338645428,10.6104555,0.00558704138,True,93,92
6,S13,0.365690708,12.1926823,0.00604865421,True,92,91
6,S14,0.363316387,11.2152042,0.00657898467,True,75,91
6,S15,0.29967013,12.0023537,0.00478882995,True,95,93
6,S16,0.570327044,10.5339823,0.0101761147,True,98,84
6,S17,0.293224096,11.5851126,0.00635086093,True,95,94
6,S18,0.417781204,11.091135,0.008133417,True,99,89
6,S19,0.334546536,10.7944756,0.00555741834,True,97,92
6,S20,0.337448627,11.8834696,0.00786777213,True,94,92
6,S21,0.406754166,12.2008114,0.00557119865,True,87,89
6,S22,0.476935655,12.6798573,0.0102482382,True,87,87
6,S23,0.390553802,10.0911942,0.006583157,True,87,90
6,S24,0.494399726,11.0002279,0.00998428836,True,86,86
6,S25,0.484434962,8.23086166,0.00729734451,False,87,86
6,S26,0.502611339,11.6906919,0.00913408119,True,86,86
6,S27,0.45901534,8.24843597,0.00986711215,False,86,87
6,S28,0.463465005,11.1182938,0.012646406,True,87,87
6,S29,0.459823042,12.2217789,0.0159410257,True,88,87
6,S30,0.424575746,12.4432735,0.0117554525,True,87,88
6,S31,0.508409798,11.469101,0.0122156478,True,85,86
6,S32,0.514035821,10.5282927,0.0123319393,True,84,85
6,S33,0.75580591,11.0505085,0.0125873964,True,73,79
7,S0,0.357862204,9.87165546,0.00395035371,True,99,91
7,S1,0.256570816,12.5441532,0.00430510612,True,99,95
7,S2,0.263696283,9.94446087,0.00511965714,True,99,95
7,S3,0.294711232,13.3184872,0.00470713805,True,99,94
7,S4,0.248587415,12.9855499,0.00555989705,True,99,96
7,S5,0.241525486,8.61386395,0.00372107327,False,99,96
7,S6,0.204332769,11.2597189,0.00373145915,True,97,98
7,S7,0.272387207,9.08638287,0.0038208724,True,99,95
7,S8,0.454613149,9.36229324,0.00314476015,True,99,87
7,S9,0.325065374,11.6209364,0.00256546307,True,98,92
7,S10,0.439440787,8.80791092,0.00405306183,False,99,88
7,S11,0.22530593,7.92033243,0.00423356472,False,98,97
7,S12,0.225149572,9.64133739,0.00321282214,True,97,97
7,S13,0.213727757,8.59904766,0.00427261274,False,98,97
7,S14,0.255326271,9.49846363,0.00568128331,True,99,95
7,S15,0.169935435,8.29681301,0.00355581031,False,99,99
7,S16,0.370782942,10.4926662,0.0175368693,True,95,90
7,S17,0.252882957,11.0444088,0.00679581147,True,97,95
7,S18,0.341611683,8.21967983,0.00503946468,False,95,92
7,S19,0.326293439,7.95969391,0.00628376286,False,96,92
7,S20,0.289834112,7.51105595,0.00480030337,False,94,94
7,S21,0.445415467,5.80514479,0.00349724246,False,93,88
7,S22,0.290412962,7.73775005,0.00310945767,False,94,94
7,S23,0.775006652,7.46387005,0.00281509967,False,94,79
7,S24,0.50780642,9.68404007,0.00499992864,True,87,86
7,S25,0.359928548,5.61612511,0.00239093741,False,92,91
7,S26,0.346664488,6.6583395,0.00365416496,False,90,91
7,S27,0.382004619,9.59132957,0.00571916904,True,94,90
7,S28,0.267913103,9.61973286,0.00408823555,True,95,95
7,S29,0.270005465,10.7667675,0.00569905294,True,95,95
7,S30,0.369041592,10.4988308,0.00448525511,True,93,90
7,S31,0.297564805,10.1549511,0.00547152385,True,94,93
7,S32,0.289442927,9.40683651,0.0035494105,True,93,94
7,S33,0.469498545,8.22962856,0.00304065063,False,82,87
7,S34,0.693777978,8.82600212,0.0046253819,False,75,81
8,S0,0.183345452,12.5094795,0.00783310086,True,92,99
8,S1,0.184248313,13.1800756,0.0095733339,True,93,99
8,S2,0.223646969,11.4309273,0.00830072537,True,92,97
8,S3,0.202622503,11.8993282,0.00589771243,True,95,98
8,S4,0.145608127,12.1815767,0.00554759335,True,96,101
8,S5,0.200762942,11.3286114,0.00753798243,True,93,98
8,S6,0.185941949,10.7651186,0.00704558427,True,93,99
8,S7,0.152100384,11.2412453,0.00663609104,True,94,100
8,S8,0.119739138,12.2390985,0.0073982859,True,94,102
8,S9,0.224591121,12.4153032,0.00665439572,True,93,97
8,S10,0.189364031,13.0108118,0.00697187567,True,93,98
8,S11,0.186776444,10.9122076,0.00793088228,True,93,99
8,S12,0.230667904,12.878624,0.00463115796,True,92,96
8,S13,0.537548125,10.1394005,0.00330748735,True,92,85
8,S14,0.144940779,11.6259813,0.00814705156,True,93,101
8,S15,0.240272731,10.9886827,0.00792544894,True,91,96
8,S16,0.22045444,10.8520412,0.00628406694,True,87,97
8,S17,0.246213585,10.9762459,0.00802506972,True,90,96
8,S18,0.288014591,10.6991081,0.00623846846,True,95,94
8,S19,0.262058526,12.5928679,0.0111339577,True,92,95
8,S20,0.299681604,12.5450811,0.0108679272,True,90,93
8,S21,0.418002039,12.8690987,0.0095012011,True,85,89
8,S22,0.761836708,12.4918165,0.00612336956,True,72,79
8,S23,0.53140378,11.3541679,0.00946570095,True,77,85
8,S24,0.484378576,12.968173,0.00808007549,True,79,86
8,S25,0.325336695,13.1180201,0.00979093742,True,86,92
8,S26,0.316051871,11.6580257,0.00803472474,True,85,93
8,S27,0.389782012,13.3282328,0.00767449941,True,83,90
8,S28,0.428264827,9.78717518,0.00620656088,True,80,88
8,S29,0.52028054,7.89234829,0.00570625532,False,72,85
8,S30,0.605290294,12.2871037,0.0078374939,True,70,83
8,S31,0.648220718,8.79069996,0.00604153471,False,79,82
8,S32,0.577756405,9.7638216,0.00727874786,True,73,83
9,S0,0.176854134,10.3059101,0.00600494165,True,97,99
9,S1,0.160370246,12.6196203,0.00623839535,True,98,100
9,S2,0.171102002,12.7481737,0.0085633127,True,99,99
9,S3,0.102547742,11.6152382,0.00621214649,True,99,103
9,S4,0.117716491,10.1048908,0.00574699743,True,99,102
9,S5,0.543676794,9.13108921,0.0126223881,True,99,84
9,S6,0.180110991,11.4330997,0.00590804545,True,97,99
9,S7,0.20014374,10.9712696,0.00712277414,True,98,98
9,S8,0.173070669,10.4038191,0.0040766052,True,98,99
9,S9,0.146014258,11.937603,0.00401836727,True,97,101
9,S10,0.166663527,12.7131023,0.00567974616,True,95,100
9,S11,0.065356493,11.9752426,0.00444481894,False,96,105
9,S12,0.176729023,11.7524958,0.00447177421,True,98,99
9,S13,0.18180339,11.2292433,0.0037443263,True,98,99
9,S14,0.16679284,12.1956959,0.0045230072,True,99,100
9,S15,0.209175259,11.8607445,0.00459653605,True,98,97
9,S16,0.234946147,12.0612869,0.00351733225,True,98,96
9,S17,0.219235465,12.7972212,0.00461165654,True,97,97
9,S18,0.251504004,13.0746603,0.00310974033,True,97,95
9,S19,0.261052668,12.3983593,0.00328275049,True,97,95
9,S20,0.341815144,9.59825134,0.00358540192,True,96,92
9,S21,0.701760173,8.4099493,0.00532400142,False,95,81
9,S22,0.388432056,11.6398468,0.00306696631,True,92,90
9,S23,0.293883026,11.4909735,0.00266157556,True,92,94
9,S24,0.299432218,12.719635,0.00238376553,True,92,93
9,S25,0.252141595,11.6451702,0.00251976773,True,93,95
9,S26,0.400881439,11.9129715,0.00270259683,True,85,89
9,S27,0.520099819,12.5670233,0.00318473973,True,95,85
9,S28,0.502928436,11.3090763,0.00254933932,True,84,86
9,S29,0.648450613,12.429019,0.00269775605,True,84,82
9,S30,0.676472425,11.989274,0.00236302242,True,80,81
9,S31,0.744737387,11.3807507,0.0021148175,True,78,80
10,S0,0.24758634,13.3931713,0.00767427403,True,96,96
10,S1,0.208337665,12.3606491,0.00710710976,True,97,98
10,S2,0.214439467,12.9424,0.00811249297,True,95,97
10,S3,0.206190109,12.1529465,0.00851491094,True,96,98
10,S4,0.230199456,13.1229105,0.00961124711,True,95,96
10,S5,0.207880646,13.3410034,0.00836129114,True,95,98
10,S6,0.26340422,12.7159319,0.00785052031,True,95,95
10,S7,0.259283125,13.1443176,0.00926408079,True,95,95
10,S8,0.267062932,13.2918034,0.00821429398,True,95,95
10,S9,0.276798576,12.792244,0.00776306354,True,95,94
10,S10,0.319160104,12.7132902,0.00949693192,True,93,92
10,S11,0.33774659,13.3113441,0.00932232756,True,94,92
10,S12,0.352924764,12.5660801,0.0127945971,True,93,91
10,S13,0.360443354,12.2741842,0.0108777508,True,91,91
10,S14,0.363761991,12.5433979,0.011104513,True,91,91
10,S15,0.350367963,13.1732597,0.00936049037,True,91,91
10,S16,0.384769708,13.0984697,0.012489561,True,89,90
10,S17,0.423166513,13.1485071,0.014655007,True,88,88
10,S18,0.389359146,13.5617523,0.0117009142,True,86,90
10,S19,10.4434195,10.7803993,0.015586664,False,86,2571
10,S20,0.481987685,13.0384579,0.0173782706,True,85,86
10,S21,0.527021408,9.53931236,0.0153359277,True,85,85
10,S22,0.50747335,11.3579855,0.0141193783,True,85,86
10,S23,0.546578884,11.902051,0.0178629309,True,84,84
10,S24,0.523449183,12.6689425,0.0174087808,True,83,85
10,S25,0.551782846,12.5654707,0.0126419999,True,80,84
10,S26,0.691404939,9.76681328,0.0136655653,True,77,81
11,S0,0.260983706,8.865242,0.00570498221,False,98,95
11,S1,0.285680979,12.0860996,0.00741981622,True,97,94
11,S2,0.291933894,11.5263376,0.006968976,True,98,94
11,S3,0.214902967,11.2721081,0.0052914964,True,97,97
11,S4,0.1600077,10.2482853,0.00454440759,True,97,100
11,S5,0.36473462,12.3095179,0.00726488931,True,97,91
11,S6,0.272328138,12.3633814,0.007678519,True,97,95
11,S7,0.304459989,12.4855318,0.00775771681,True,97,93
11,S8,0.281861961,11.8213549,0.00884759799,True,97,94
11,S9,0.278326571,11.3726988,0.0115848593,True,96,94
11,S10,0.251275986,8.18163395,0.00707562501,False,97,95
11,S11,0.333302617,10.7178936,0.0108566387,True,93,92
11,S12,0.352907896,11.6792793,0.0128925424,True,92,91
11,S13,0.361383379,11.675766,0.0139632206,True,92,91
11,S14,0.365416348,7.38176584,0.00702108815,False,95,91
11,S15,0.316589803,12.6775503,0.0137697645,True,95,93
11,S16,0.318522155,11.7797565,0.0100881113,True,95,93
11,S17,0.33717376,9.7031908,0.00936109759,True,96,92
11,S18,0.519681931,9.7023983,0.01154665,True,94,85
11,S19,0.305095047,11.855073,0.0101531474,True,94,93
11,S20,0.419215858,11.7796726,0.0137588885,True,88,89
11,S21,0.255052358,10.4403028,0.00735145714,True,92,95
11,S22,0.674474895,9.63633347,0.00820636656,True,91,81
11,S23,0.693308771,8.14997959,0.0276654381,False,92,81
11,S24,0.480922848,9.92175674,0.0111604594,True,95,86
11,S25,0.406143159,11.7297182,0.0116810827,True,92,89
11,S26,0.419581622,11.8534422,0.0144585893,True,88,89
11,S27,0.456611156,12.8421974,0.0162033476,True,88,87
11,S28,0.574339509,12.8717785,0.018569503,True,84,84
11,S29,0.540313125,10.3298273,0.0142887803,True,90,85
11,S30,0.473532081,10.7262554,0.0133539597,True,88,87
11,S31,0.506908,11.4131088,0.009359763,True,86,86
11,S32,0.549601138,11.4206209,0.0123511814,True,87,84
12,S0,0.0988657996,12.0684328,0.00440558512,False,97,103
12,S1,0.147087157,10.491354,0.00415373873,True,96,101
12,S2,0.113604814,11.6634417,0.00494544674,True,96,102
12,S3,0.229275495,9.85691833,0.00242666597,True,98,97
12,S4,0.833393157,9.48285675,0.00580948312,True,97,78
12,S5,0.952008963,9.73878193,0.00459034182,True,97,77
12,S6,0.11215581,10.4067764,0.00331513118,True,94,102
12,S7,0.251550704,7.17611694,0.00421032729,False,95,95
12,S8,0.198830977,12.665061,0.0040719728,True,94,98
12,S9,1.14197528,10.4812794,0.00954220258,True,93,77
12,S10,0.482844114,8.83613777,0.0378883369,False,95,86
12,S11,0.369752258,6.87371016,0.00489481678,False,96,90
12,S12,0.406757623,8.98329544,0.00485312287,False,94,89
12,S13,0.307898074,12.0375233,0.00349209877,True,90,93
12,S14,0.303351372,7.04615307,0.00232288148,False,93,93
12,S15,0.26796484,10.480689,0.00429512421,True,89,95
12,S16,0.279368341,11.4775219,0.00502586132,True,88,94
12,S17,0.702500582,7.56184864,0.00374042313,False,88,81
12,S18,0.307571709,11.2470427,0.00610474311,True,91,93
12,S19,0.291583687,8.44368553,0.0057132286,False,89,94
12,S20,0.282677829,9.6193428,0.00383034162,True,86,94
12,S21,0.211311907,8.51837349,0.00367951114,False,88,97
12,S22,0.424249709,10.735673,0.00557080796,True,83,88
12,S23,0.35269624,11.6770792,0.00713318214,True,86,91
12,S24,0.475931883,12.4807358,0.00697253831,True,86,87
12,S25,0.583966613,7.93744278,0.00818087999,False,85,83
12,S26,0.582298636,11.1025429,0.00722988602,True,80,83
12,S27,0.515034258,11.2337027,0.0065581887,True,79,85
12,S28,0.57303077,11.4733706,0.00733586634,True,80,84
13,S0,0.193378568,12.9226532,0.0060074958,True,97,98
13,S1,0.168016762,11.4215794,0.00658165105,True,97,100
13,S2,0.580502808,10.942564,0.0207241271,True,97,83
13,S3,0.227229133,10.8853827,0.00505194627,True,97,97
13,S4,0.267267853,10.7329664,0.00854382291,True,97,95
13,S5,0.448452085,10.5753565,0.0110606281,True,96,88
13,S6,0.251114458,11.6983261,0.0087093804,True,95,95
13,S7,0.216876328,10.7635422,0.00952450465,True,96,97
13,S8,0.402137369,11.24193,0.0360321999,True,96,89
13,S9,0.215418711,10.6820927,0.00896860845,True,95,97
13,S10,0.329638839,9.04182053,0.0165541824,True,96,92
13,S11,0.368412793,9.83112335,0.0198603179,True,96,90
13,S12,0.367341459,10.1649942,0.02628107,True,96,91
13,S13,0.198428974,9.97781754,0.0131339021,True,95,98
13,S14,0.315589428,9.56903458,0.0220412295,True,95,93
13,S15,18.0910244,11.1100159,0.0157955233,False,96,8294
13,S16,0.324960321,10.9939785,0.0473193452,True,96,92
13,S17,0.286529034,10.7048616,0.0177107584,True,94,94
13,S18,0.23111555,10.2485714,0.0156605653,True,96,96
13,S19,0.346517622,11.1906996,0.0336516313,True,96,91
13,S20,0.999994993,11.7529535,0.0250948034,True,91,77
13,S21,0.244754836,11.5943851,0.0247973539,True,96,96
13,S22,0.229297951,8.79786587,0.0215437431,False,96,97
13,S23,0.308249831,9.04600334,0.0259323921,True,96,93
13,S24,0.267698705,8.62383366,0.0219762269,False,93,95
13,S25,0.293729484,9.81881523,0.0398036279,True,93,94
13,S26,0.263529986,13.1946049,0.0363002606,True,93,95
13,S27,0.331887245,10.8409367,0.0245137606,True,91,92
13,S28,0.391897708,9.6945858,0.0330859609,True,90,90
13,S29,0.399527341,11.1801109,0.066515781,True,90,89
13,S30,0.453970343,12.6756248,0.0346473232,True,86,87
13,S31,0.479149491,9.00431442,0.0300741978,True,86,86
13,S32,0.487072617,12.6703281,0.0628677234,True,87,86
14,S0,0.22569707,12.3464699,0.00329298899,True,94,97
14,S1,0.278655797,11.4247847,0.00303881569,True,95,94
14,S2,0.288265616,9.94202709,0.00254898379,True,94,94
14,S3,0.23073715,10.4732914,0.00286287186,True,93,96
14,S4,0.264742255,11.6915646,0.00434617372,True,93,95
14,S5,0.316581696,9.57458115,0.00266918982,True,94,93
14,S6,0.244485572,9.79056168,0.00332774501,True,92,96
14,S7,0.264311939,10.1480293,0.00365699315,True,90,95
14,S8,0.300275922,11.2194967,0.00455974834,True,90,93
14,S9,0.30689624,10.8955135,0.00515478291,True,91,93
14,S10,0.300260693,9.74171829,0.00341185485,True,90,93
14,S11,0.293813258,10.192584,0.00730420928,True,91,94
14,S12,0.335785896,8.53953171,0.004245413,False,91,92
14,S13,0.340892881,9.28698349,0.00286041619,True,91,92
14,S14,0.31505233,9.87196255,0.00441144826,True,90,93
14,S15,0.642688572,7.57310677,0.00422381191,False,88,82
14,S16,0.327751994,7.34279728,0.00221414748,False,88,92
14,S17,0.394267082,8.09318638,0.00462140981,False,85,89
14,S18,0.395959795,9.92650795,0.00705818878,True,86,89
14,S19,0.401512951,7.26715088,0.00344024203,False,85,89
14,S20,0.308247626,8.91952229,0.00348553411,False,86,93
14,S21,0.405147582,7.40948772,0.00880105328,False,84,89
14,S22,0.434129208,8.77079773,0.00354655017,False,80,88
14,S23,0.366523057,10.4137564,0.00463370793,True,81,91
14,S24,0.415216327,7.55481815,0.00479136314,False,84,89
14,S25,0.422145635,7.83958244,0.0026153191,False,85,88
14,S26,59.0416832,8.6801672,0.00475907419,False,80,95343
14,S27,0.484560102,10.3450861,0.00387356314,True,79,86
15,S0,0.282320231,9.06538773,0.00529178698,True,96,94
15,S1,0.213715672,11.8841953,0.00446360558,True,97,97
15,S2,0.29543215,10.3419552,0.00424049702,True,96,94
15,S3,0.231840611,10.4210176,0.00665019173,True,96,96
15,S4,0.234689549,11.2659693,0.00532137323,True,96,96
15,S5,0.243639082,11.6515722,0.00527404062,True,95,96
15,S6,0.269751996,8.42622375,0.00433387468,False,96,95
15,S7,0.215247989,9.49303722,0.00556381,True,93,97
15,S8,0.288997471,9.6887598,0.00690198131,True,94,94
15,S9,0.27639544,11.8128538,0.00841732044,True,95,94
15,S10,0.277542323,12.794858,0.00796153862,True,94,94
15,S11,0.298491895,12.2720299,0.00837473385,True,94,93
15,S12,0.341919035,10.6411734,0.0132767949,True,92,92
15,S13,0.343373567,11.7795515,0.0117444554,True,91,91
15,S14,0.338221848,11.7997971,0.012139136,True,91,92
15,S15,0.405136138,11.7588797,0.013313693,True,90,89
15,S16,0.379218549,11.6995802,0.0149771906,True,89,90
15,S17,0.381432116,10.6955738,0.0142265391,True,88,90
15,S18,0.412133068,9.73663807,0.0107516628,True,88,89
15,S19,0.432430774,11.9460926,0.011174256,True,83,88
15,S20,0.450446039,9.3193264,0.0139931217,True,86,87
15,S21,0.504853427,9.37367153,0.0120481448,True,84,86
15,S22,0.483063012,7.97535706,0.0117135365,False,82,86
15,S23,0.473523021,11.7738552,0.0133919064,True,83,87
15,S24,0.480549276,11.1282406,0.0145485727,True,81,86
15,S25,0.567641854,9.5884819,0.0147156157,True,77,84
15,S26,0.601017177,7.49778032,0.0105560496,False,76,83
15,S27,0.702632666,10.7760897,0.0140059758,True,72,80
16,S0,0.309289157,7.92766857,0.000994240399,False,97,93
16,S1,0.202300668,10.5086756,0.00139854662,True,97,98
16,S2,0.992466807,8.7970314,0.00166256865,False,98,77
16,S3,0.218258902,11.6454983,0.00274756341,True,98,97
16,S4,0.185918763,11.767993,0.00309679005,True,98,99
16,S5,0.215318814,12.6653595,0.0028977457,True,99,97
16,S6,0.342107981,10.4325809,0.00233654818,True,98,92
16,S7,0.481589496,8.14210987,0.00474591926,False,97,86
16,S8,0.233355075,11.0364447,0.00368517218,True,97,96
16,S9,0.286093175,12.3033419,0.00461669452,True,97,94
16,S10,0.591202497,8.47857666,0.00650968309,False,96,83
16,S11,0.340386242,12.9032602,0.00706716767,True,94,92
16,S12,0.344969392,13.0882187,0.00899428967,True,93,91
16,S13,0.35032934,11.9996967,0.00809364114,True,94,91
16,S14,0.349439681,13.2890606,0.00932879094,True,92,91
16,S15,0.430877775,13.1760883,0.0148037262,True,89,88
16,S16,0.428892672,12.8904362,0.0169513188,True,90,88
16,S17,0.406907111,13.1745348,0.0158685762,True,88,89
16,S18,0.422619075,11.9043074,0.0159845855,True,86,88
16,S19,0.43460381,12.7741547,0.0166980922,True,85,88
16,S20,0.429597825,12.5508423,0.01449019,True,87,88
16,S21,0.447284043,10.3868484,0.0195123032,True,86,88
16,S22,0.432608545,13.095027,0.0149453003,True,87,88
16,S23,0.514725626,12.1421909,0.0176865645,True,84,85
16,S24,0.518519223,11.6379738,0.0260893293,True,84,85
16,S25,0.545753837,11.6249552,0.0206212346,True,81,84
16,S26,0.540122569,12.1249723,0.0178919733,True,84,85
16,S27,0.630604088,12.7815018,0.0226216447,True,83,82
16,S28,0.591977537,9.40833187,0.0210813209,True,79,83
16,S29,0.674078166,11.8333445,0.0247244108,True,77,81
16,S30,0.688683391,11.5321922,0.0206278395,True,73,81
16,S31,0.710809588,12.3980846,0.024699809,True,72,80
16,S32,0.74771589,11.9208136,0.0253964365,True,70,80
17,S0,0.24907802,12.0635815,0.00918675121,True,95,96
17,S1,0.203438058,9.79341221,0.00533348555,True,94,98
17,S2,0.288723618,9.30758667,0.00928444508,True,94,94
17,S3,0.297753215,11.9434204,0.00849062763,True,92,93
17,S4,0.290325791,10.7379103,0.0113211302,True,93,94
17,S5,0.322935939,11.4038858,0.0134294834,True,91,92
17,S6,0.311305553,11.2642679,0.00966021791,True,90,93
17,S7,0.283337653,11.6399002,0.0104870694,True,94,94
17,S8,0.34972766,9.32454395,0.0128998104,True,90,91
17,S9,0.352594137,10.8291912,0.0163902771,True,89,91
17,S10,0.367200434,10.6959095,0.0111303572,True,92,91
17,S11,0.367288291,8.43753147,0.00801150873,False,87,91
17,S12,0.400878251,12.3294601,0.0126436707,True,85,89
17,S13,0.422665179,11.5571318,0.0168544613,True,83,88
17,S14,0.43714425,11.0032568,0.0131474361,True,84,88
17,S15,0.426906735,12.1787815,0.0208646357,True,83,88
17,S16,0.515983582,9.60477924,0.0139862141,True,83,85
17,S17,0.528298974,12.1995392,0.0178381409,True,80,85
17,S18,0.525007963,11.6640034,0.0181859676,True,79,85
17,S19,0.508402765,10.3162107,0.0131676355,True,81,86
17,S20,0.619689107,11.6111412,0.0153127806,True,72,82
17,S21,0.647283852,12.2239189,0.0160556994,True,70,82
18,S0,0.299373865,11.5535049,0.00233544316,True,97,93
18,S1,0.299580485,12.7536926,0.00375241879,True,97,93
18,S2,0.239395797,12.7208958,0.00226536952,True,97,96
18,S3,0.331416905,9.51602173,0.00232655951,True,99,92
18,S4,0.313026249,12.3357754,0.00301673147,True,98,93
18,S5,0.317734003,11.9206429,0.00235728128,True,97,93
18,S6,0.204813823,11.2404642,0.0030325742,True,98,98
18,S7,0.245823756,11.5802727,0.0027196852,True,97,96
18,S8,0.274184138,10.4918203,0.00181911804,True,97,94
18,S9,0.291042119,9.60988903,0.00422612065,True,97,94
18,S10,0.281751603,12.2404909,0.00270324247,True,97,94
18,S11,0.257124007,12.0925407,0.00217656535,True,95,95
18,S12,0.326677144,10.7029772,0.00314753409,True,95,92
18,S13,0.342136264,13.0527792,0.00348418066,True,93,92
18,S14,0.33313638,13.1794014,0.00370400515,True,94,92
18,S15,0.26731354,10.7460508,0.00272892253,True,94,95
18,S16,0.404429346,12.7100811,0.00261043734,True,92,89
18,S17,0.386217445,11.593751,0.00347710727,True,91,90
18,S18,0.286877692,9.25329113,0.00286959182,True,90,94
18,S19,0.43286106,11.0478344,0.0029919073,True,84,88
18,S20,0.486585647,9.71818161,0.00468475278,True,86,86
18,S21,0.547642648,9.20118523,0.00369962584,True,84,84
18,S22,0.624071419,10.5876017,0.00373039697,True,79,82
18,S23,0.649016678,9.61573982,0.0042005647,True,80,82
18,S24,0.650040686,12.7747641,0.00427178619,True,80,82
18,S25,0.668149352,13.3832912,0.00496814353,True,76,81
18,S26,0.612358451,12.8903408,0.00390255055,True,75,83
19,S0,0.351489455,11.3662281,0.00416115159,True,98,91
19,S1,0.738197148,8.9095335,0.00414897082,False,98,80
19,S2,0.594743729,6.17168617,0.0219234154,False,98,83
19,S3,0.237516701,9.41458702,0.00594283687,True,96,96
19,S4,0.188571826,10.3387165,0.0061685415,True,97,98
19,S5,0.361328006,10.6121674,0.00823101029,True,95,91
19,S6,0.400332361,8.2019577,0.0105931275,False,96,89
19,S7,0.343737423,11.3643179,0.0070931674,True,96,91
19,S8,0.334874064,8.87070751,0.00910851918,False,96,92
19,S9,0.790453911,8.30975056,0.032935068,False,92,79
19,S10,0.367225468,10.7574787,0.0104288068,True,93,91
19,S11,0.351377517,9.85010052,0.00985059608,True,92,91
19,S12,0.487675101,10.2777777,0.00968385022,True,83,86
19,S13,0.539678931,7.95244598,0.0120021766,False,86,85
19,S14,0.469032675,7.99424458,0.00619658036,False,88,87
19,S15,0.467948824,12.0203838,0.00856189616,True,88,87
19,S16,0.631879032,10.3182983,0.00839096121,True,81,82
19,S17,0.777422726,8.27248383,0.00883069914,False,75,79
19,S18,0.737672925,11.3545227,0.0107026603,True,75,80
19,S19,1.36080134,9.6348772,0.049231831,True,76,79
19,S20,0.859667957,8.10116196,0.0105643524,False,70,78
19,S22,0.859667957,8.10116196,0.0105643524,False,70,78
20,S0,0.268623441,12.8261938,0.00696972292,True,98,95
20,S1,0.260136902,10.4421377,0.00550804706,True,96,95
20,S2,0.247117952,12.1520224,0.0053564203,True,97,96
20,S3,0.256310463,11.6830587,0.00645777117,True,98,95
20,S4,0.319289267,10.8826065,0.00485941023,True,95,92
20,S5,0.277096063,11.9928846,0.00713228527,True,95,94
20,S6,0.301559746,11.8293428,0.00620428333,True,97,93
20,S7,0.287937284,11.9631824,0.00650164858,True,97,94
20,S8,0.29776454,12.1851625,0.00852876436,True,96,93
20,S9,0.513797224,12.6492901,0.00976918638,True,86,85
20,S10,0.46086815,10.7485256,0.00715841819,True,88,87
20,S11,0.568670094,12.1982841,0.00931237265,True,83,84
21,S0,0.350415885,10.3298941,0.00293416204,True,98,91
21,S1,0.365193039,10.7863913,0.00460263528,True,97,91
21,S2,0.267424047,9.73122215,0.00410919217,True,99,95
21,S3,0.326108754,13.1553459,0.00425014412,True,97,92
21,S4,0.306228012,11.4231672,0.00538811134,True,97,93
21,S5,0.335851014,12.6307306,0.00422439957,True,97,92
21,S6,0.348809034,13.17731,0.00385043724,True,97,91
21,S7,0.329386234,12.644311,0.00429792469,True,94,92
21,S8,0.336641699,12.0889864,0.00484620966,True,95,92
21,S9,0.582517624,10.0713968,0.00746605359,True,93,83
21,S10,0.372618884,13.0943222,0.00529740518,True,96,90
21,S11,0.322906882,11.2728462,0.00637257565,True,91,92
21,S12,0.332247943,9.52192116,0.0079715047,True,97,92
21,S13,0.449326813,13.3060369,0.00498217531,True,89,87
21,S14,0.443963766,13.138999,0.0060379426,True,91,88
21,S15,0.505898893,9.31724262,0.00412946474,True,91,86
21,S16,0.409915745,11.6930342,0.00842625275,True,89,89
21,S17,0.553096354,12.2606668,0.00817014277,True,89,84
21,S18,0.569851816,12.4568949,0.0111360168,True,86,84
21,S19,0.692085326,10.0867825,0.0172114056,True,86,81
21,S20,0.500343084,13.1266479,0.00901442394,True,87,86
21,S21,0.614312053,11.6899204,0.0123438425,True,78,83
21,S22,0.495247751,11.2691202,0.0206073839,True,82,86
21,S23,0.647351325,8.35326958,0.00660927827,False,75,82
21,S24,0.705677152,11.4866638,0.0115846619,True,79,80
21,S25,0.800629854,12.0911417,0.0106211277,True,73,79
21,S26,0.712133884,10.212635,0.00963327009,True,70,80
22,S0,0.236307412,12.3832207,0.0133576747,True,97,96
22,S1,0.208985671,11.150259,0.0172645692,True,97,97
22,S2,0.221353844,10.8267651,0.0124458745,True,97,97
22,S3,0.259097129,10.7995834,0.0114402277,True,96,95
22,S4,0.250425428,11.1801901,0.0143921021,True,96,96
22,S5,0.258159459,12.6872168,0.016618574,True,96,95
22,S6,0.242266193,11.5547466,0.0140268374,True,96,96
22,S7,0.290752709,11.9035959,0.0154100973,True,95,94
22,S8,0.303738475,12.0986595,0.0184215121,True,95,93
22,S9,0.296671331,11.9515152,0.0193587746,True,94,93
22,S10,0.282366097,10.9982185,0.0112770805,True,92,94
22,S11,0.368513197,12.7841959,0.0185919479,True,90,90
22,S12,0.295030445,12.5694351,0.0167760905,True,92,94
22,S13,0.296073645,12.4829245,0.0173247196,True,92,93
22,S14,0.347471982,12.8649578,0.0212182961,True,90,91
22,S15,0.381533444,11.8245773,0.0183727965,True,87,90
22,S16,0.447465032,12.7911186,0.0199203622,True,85,88
22,S17,0.422517359,12.2831764,0.0268859062,True,86,88
22,S18,0.411658198,12.3364305,0.0272785109,True,86,89
22,S19,0.501990616,11.8289452,0.0202482063,True,85,86
22,S20,0.495223284,11.0748053,0.0268093981,True,82,86
22,S21,0.505450487,11.7037964,0.0346250907,True,81,86
22,S22,0.50420779,12.9041777,0.0306905396,True,81,86
22,S23,0.60524857,11.6907024,0.0327653587,True,77,83
22,S24,0.650334299,12.6777134,0.0419211611,True,74,82
22,S25,0.637691021,12.6302605,0.0297902673,True,76,82
22,S26,0.611667216,12.4768162,0.0383369103,True,73,83
